{"cameraMode":{"drawMode":0,"name":"Shaded","section":"Shading Mode"},"sceneLighting":false,"audioPlay":false,"sceneViewState":{"m_AlwaysRefresh":false,"showFog":true,"showSkybox":false,"showFlares":true,"showImageEffects":true,"showParticleSystems":true,"showVisualEffectGraphs":true,"m_FxEnabled":true},"in2DMode":false,"pivot":{"x":901.6498413085938,"y":528.5966186523438,"z":1.9179534912109376},"rotation":{"x":-0.02849503979086876,"y":0.008996380493044854,"z":0.00025646641734056175,"w":0.9995546936988831},"size":149.94627380371095,"orthographic":true}