{"cameraMode":{"drawMode":0,"name":"Shaded","section":"Shading Mode"},"sceneLighting":true,"audioPlay":false,"sceneViewState":{"m_AlwaysRefresh":false,"showFog":true,"showSkybox":true,"showFlares":true,"showImageEffects":true,"showParticleSystems":true,"showVisualEffectGraphs":true,"m_FxEnabled":true},"in2DMode":false,"pivot":{"x":758.0875854492188,"y":1246.267822265625,"z":-20.549041748046876},"rotation":{"x":0.03298681601881981,"y":-0.020986784249544145,"z":0.0006928436923772097,"w":0.9992386102676392},"size":882.9462280273438,"orthographic":true}